file,best,score,time,search_dim,max_n_char,n_str
p1_10_13-0.txt,AAACAAAAAA,52,17.051012402,10,13,10
p1_10_13-1.txt,AAAAACCAAC,56,18.341022259,10,13,10
p1_10_13-2.txt,CAAACAACAA,46,16.559520834,10,13,10
p1_10_13-3.txt,AAAACAAAAA,52,16.262950475,10,13,10
p1_10_13-4.txt,AAAACAAACA,62,16.589208674,10,13,10
p1_10_20-0.txt,ACAAAAAAAA,100,27.013036785,10,20,10
p1_10_20-1.txt,AAAAAAAAAC,100,26.870168321,10,20,10
p1_10_20-2.txt,AAAAAAAAAA,100,26.804321523,10,20,10
p1_10_20-3.txt,AAAAAAAAAA,102,26.433268635,10,20,10
p1_10_20-4.txt,AAAAACAACA,100,26.83419245,10,20,10
p1_10_3-0.txt,AAA,8,0.000285201,3,3,10
p1_10_3-1.txt,AAA,14,0.00013124,3,3,10
p1_10_3-2.txt,AA,12,0.000198752,3,3,10
p1_10_3-3.txt,AA,16,0.000182618,3,3,10
p1_10_3-4.txt,AA,16,0.00011223,3,3,10
p1_10_5-0.txt,AAAA,22,0.004791452,5,5,10
p1_10_5-1.txt,AAAA,22,0.00341845,5,5,10
p1_10_5-2.txt,AAAA,20,0.004742193,5,5,10
p1_10_5-3.txt,AAAA,20,0.005707673,5,5,10
p1_10_5-4.txt,AAAA,22,0.005263049,5,5,10
p1_10_8-0.txt,AAACAACA,38,0.604169899,8,8,10
p1_10_8-1.txt,AAAAA,42,0.607411116,8,8,10
p1_10_8-2.txt,AAACAAA,28,0.623419643,8,8,10
p1_10_8-3.txt,AAAAAA,32,0.604837662,8,8,10
p1_10_8-4.txt,AAAAA,38,0.597083664,8,8,10
p1_15_13-0.txt,AAAAAAAACA,77,24.734850458,10,13,15
p1_15_13-1.txt,ACAAAAACAA,77,24.833368049,10,13,15
p1_15_13-2.txt,CAAAACAAAA,79,24.742166139,10,13,15
p1_15_13-3.txt,AAACAAAAAA,79,24.425748225,10,13,15
p1_15_13-4.txt,AACAAAAACA,73,24.697361744,10,13,15
p1_15_20-0.txt,AAAAAAAAAA,150,40.342213166,10,20,15
p1_15_20-1.txt,AAAAAAAAAA,154,40.767534487,10,20,15
p1_15_20-2.txt,AAAAAAAAAA,150,39.791968837,10,20,15
p1_15_20-3.txt,AAAAAAAAAA,150,41.584882389,10,20,15
p1_15_20-4.txt,AAAAAAAAAA,150,39.966525962,10,20,15
p1_15_3-0.txt,AA,27,0.000201389,3,3,15
p1_15_3-1.txt,AA,23,0.00087839,3,3,15
p1_15_3-2.txt,ACA,32,0.000336884,3,3,15
p1_15_3-3.txt,AA,27,0.000163893,3,3,15
p1_15_3-4.txt,AAC,30,0.000284913,3,3,15
p1_15_5-0.txt,AAAA,35,0.009504762,5,5,15
p1_15_5-1.txt,AAAA,33,0.00682732,5,5,15
p1_15_5-2.txt,AAA,42,0.008866823,5,5,15
p1_15_5-3.txt,ACAAA,32,0.021685029,5,5,15
p1_15_5-4.txt,ACAA,41,0.006485643,5,5,15
p1_15_8-0.txt,ACAAACA,51,0.90308266,8,8,15
p1_15_8-1.txt,AAACAA,54,0.879049229,8,8,15
p1_15_8-2.txt,ACAAAA,48,0.884070205,8,8,15
p1_15_8-3.txt,AAAACAA,47,0.904333281,8,8,15
p1_15_8-4.txt,AAAACA,48,0.876409507,8,8,15
p1_2_13-0.txt,AAAACAAAAC,8,3.460548903,10,13,2
p1_2_13-1.txt,AAAAACAAAA,8,3.523397362,10,13,2
p1_2_13-2.txt,AAAAAAACCA,8,3.457962137,10,13,2
p1_2_13-3.txt,AAAAAAAAAA,6,3.465505414,10,13,2
p1_2_13-4.txt,AAACAAAACA,8,3.648524146,10,13,2
p1_2_20-0.txt,AAAAAAAAAA,20,5.847805984,10,20,2
p1_2_20-1.txt,AAAAAAAAAA,20,5.660907796,10,20,2
p1_2_20-2.txt,AAAAAAAAAA,20,5.69667281,10,20,2
p1_2_20-3.txt,AAAAAAAAAA,20,5.595049419,10,20,2
p1_2_20-4.txt,AAAAAAAAAA,20,5.727559543,10,20,2
p1_2_3-0.txt,AAA,0,4.5947e-5,3,3,2
p1_2_3-1.txt,AA,2,7.1816e-5,3,3,2
p1_2_3-2.txt,AA,2,3.7895e-5,3,3,2
p1_2_3-3.txt,AA,2,3.9229e-5,3,3,2
p1_2_3-4.txt,AAC,2,5.9839e-5,3,3,2
p1_2_5-0.txt,AAAAC,2,0.002220088,5,5,2
p1_2_5-1.txt,AA,6,0.001645576,5,5,2
p1_2_5-2.txt,AAAA,2,0.001337947,5,5,2
p1_2_5-3.txt,AAA,4,0.001526901,5,5,2
p1_2_5-4.txt,AAA,4,0.002031328,5,5,2
p1_2_8-0.txt,CAACCAAA,4,0.150178082,8,8,2
p1_2_8-1.txt,CAAAAA,4,0.140769952,8,8,2
p1_2_8-2.txt,AAAACA,4,0.145761527,8,8,2
p1_2_8-3.txt,AAAACA,6,0.147254049,8,8,2
p1_2_8-4.txt,ACAAAA,6,0.132353148,8,8,2
p1_4_13-0.txt,AAACAAAAAC,16,6.794785282,10,13,4
p1_4_13-1.txt,AACAAAAAAC,18,6.834193573,10,13,4
p1_4_13-2.txt,AAAAAAACCA,16,6.825203842,10,13,4
p1_4_13-3.txt,AAAAAAAAAC,16,6.835697252,10,13,4
p1_4_13-4.txt,ACAAAAAAAC,16,6.825996293,10,13,4
p1_4_20-0.txt,AAAAAAAAAA,40,11.097355153,10,20,4
p1_4_20-1.txt,AAAAAAAAAA,40,10.848029597,10,20,4
p1_4_20-2.txt,AAAAAAAAAA,40,10.873328693,10,20,4
p1_4_20-3.txt,AAAAAAAAAC,40,10.816439589,10,20,4
p1_4_20-4.txt,AAAAAAAAAA,40,12.32142001,10,20,4
p1_4_3-0.txt,AC,6,6.2113e-5,3,3,4
p1_4_3-1.txt,A,8,5.7789e-5,3,3,4
p1_4_3-2.txt,AAA,0,5.5987e-5,3,3,4
p1_4_3-3.txt,AA,4,5.6965e-5,3,3,4
p1_4_3-4.txt,A,8,7.3967e-5,3,3,4
p1_4_5-0.txt,AAACA,6,0.002632206,5,5,4
p1_4_5-1.txt,AAACA,6,0.002569129,5,5,4
p1_4_5-2.txt,ACAA,8,0.002256535,5,5,4
p1_4_5-3.txt,AAA,10,0.001395637,5,5,4
p1_4_5-4.txt,AAA,10,0.001642814,5,5,4
p1_4_8-0.txt,AAAAAA,14,0.298485366,8,8,4
p1_4_8-1.txt,AAAAAA,14,0.269108705,8,8,4
p1_4_8-2.txt,AAACA,14,0.296253434,8,8,4
p1_4_8-3.txt,AAAAACCA,12,0.300246986,8,8,4
p1_4_8-4.txt,CAAAAA,8,0.315773349,8,8,4
p1_6_13-0.txt,AAAAAAAAA,24,12.033258802,10,13,6
p1_6_13-1.txt,AAAAAAACAA,30,10.662549812,10,13,6
p1_6_13-2.txt,AAAAAAACAA,26,10.390511264,10,13,6
p1_6_13-3.txt,AAAAAACAA,26,10.365528386,10,13,6
p1_6_13-4.txt,AAAAACAAA,32,10.14588414,10,13,6
p1_6_20-0.txt,AAAAAAAAAA,60,16.101384818,10,20,6
p1_6_20-1.txt,AAAACAAAAA,60,16.332443809,10,20,6
p1_6_20-2.txt,AAAAAAAAAA,60,15.98051414,10,20,6
p1_6_20-3.txt,AAAAAAAAAA,60,17.163814064,10,20,6
p1_6_20-4.txt,AAAAAAAAAA,60,17.352643668,10,20,6
p1_6_3-0.txt,AA,10,0.000108872,3,3,6
p1_6_3-1.txt,AA,6,0.00013166,3,3,6
p1_6_3-2.txt,AA,10,0.00012711,3,3,6
p1_6_3-3.txt,AAC,8,8.9649e-5,3,3,6
p1_6_3-4.txt,AAC,2,0.000126902,3,3,6
p1_6_5-0.txt,AAA,14,0.005805114,5,5,6
p1_6_5-1.txt,AAA,14,0.002457794,5,5,6
p1_6_5-2.txt,ACAAA,10,0.003718518,5,5,6
p1_6_5-3.txt,AAA,18,0.0041494,5,5,6
p1_6_5-4.txt,AAA,16,0.007884779,5,5,6
p1_6_8-0.txt,AAACAAA,18,0.381076755,8,8,6
p1_6_8-1.txt,AACAAA,16,0.37749083,8,8,6
p1_6_8-2.txt,AACCAA,28,0.379334455,8,8,6
p1_6_8-3.txt,CAAACAA,18,0.37535865,8,8,6
p1_6_8-4.txt,AAAAC,24,0.380863066,8,8,6
p2_10_13-0.txt,AACTA,53,10.205747162,10,11,10
p2_10_13-1.txt,CTGA,55,9.953855672,10,13,10
p2_10_13-2.txt,CGACATC,62,12.14574274,10,13,10
p2_10_13-3.txt,GTCTA,51,9.565470595,10,13,10
p2_10_13-4.txt,AAGCT,54,10.62371138,10,13,10
p2_10_20-0.txt,CTTA,53,10.528285872,10,15,10
p2_10_20-1.txt,ACGAG,77,13.580413718,10,18,10
p2_10_20-2.txt,GCAGCTG,82,15.956569029,10,19,10
p2_10_20-3.txt,TATCACTT,71,14.833170365,10,19,10
p2_10_20-4.txt,TGCG,57,10.459290033,10,17,10
p2_10_3-0.txt,A,17,9.5858e-5,2,2,10
p2_10_3-1.txt,C,14,0.000149786,3,3,10
p2_10_3-2.txt,G,16,0.000146227,3,3,10
p2_10_3-3.txt,G,17,0.000113908,3,3,10
p2_10_3-4.txt,T,13,0.000116221,3,3,10
p2_10_5-0.txt,CG,26,0.004178917,5,5,10
p2_10_5-1.txt,C,23,0.005059043,5,5,10
p2_10_5-2.txt,AT,18,0.000893079,4,4,10
p2_10_5-3.txt,A,28,0.004950427,5,5,10
p2_10_5-4.txt,AT,23,0.004118971,5,5,10
p2_10_8-0.txt,C,28,0.020069689,6,6,10
p2_10_8-1.txt,AT,39,0.09879379,7,7,10
p2_10_8-2.txt,CT,32,0.345680517,8,8,10
p2_10_8-3.txt,AC,32,0.044383363,6,6,10
p2_10_8-4.txt,CGT,35,0.38442469,8,8,10
p2_15_13-0.txt,GTAGG,73,15.360152724,10,12,15
p2_15_13-1.txt,AT,71,14.329673125,10,12,15
p2_15_13-2.txt,GTCGAG,84,19.48465621,10,13,15
p2_15_13-3.txt,TGC,72,14.285276459,10,12,15
p2_15_13-4.txt,ATCAG,85,17.071151252,10,13,15
p2_15_20-0.txt,ACTCGATG,137,26.330258143,10,19,15
p2_15_20-1.txt,ATCAGTACG,146,26.486912737,10,20,15
p2_15_20-2.txt,AGTAATCAGC,150,26.727738017,10,20,15
p2_15_20-3.txt,GAATAAGC,139,25.824202588,10,19,15
p2_15_20-4.txt,ATGCAACTG,123,23.295942639,10,19,15
p2_15_3-0.txt,G,22,0.000173823,3,3,15
p2_15_3-1.txt,G,26,0.000193374,3,3,15
p2_15_3-2.txt,A,27,0.000339466,3,3,15
p2_15_3-3.txt,C,24,0.000166948,3,3,15
p2_15_3-4.txt,C,26,0.000153031,3,3,15
p2_15_5-0.txt,G,29,0.004794635,5,5,15
p2_15_5-1.txt,C,34,0.004488194,5,5,15
p2_15_5-2.txt,T,31,0.005396532,5,5,15
p2_15_5-3.txt,G,29,0.010302754,5,5,15
p2_15_5-4.txt,TA,35,0.005192004,5,5,15
p2_15_8-0.txt,CA,55,0.52705468,8,8,15
p2_15_8-1.txt,TG,50,0.130998151,7,7,15
p2_15_8-2.txt,CTG,60,0.595243032,8,8,15
p2_15_8-3.txt,CGT,63,0.618506446,8,8,15
p2_15_8-4.txt,CT,49,0.514032407,8,8,15
p2_2_13-0.txt,AAATCCCTC,13,2.847975512,10,11,2
p2_2_13-1.txt,CACAGCTG,6,0.575778557,9,9,2
p2_2_13-2.txt,G,5,0.0002371,4,4,2
p2_2_13-3.txt,ACACG,10,2.380744915,10,13,2
p2_2_13-4.txt,A,2,7.0889e-5,3,3,2
p2_2_20-0.txt,AACGGTCA,10,2.968729789,10,14,2
p2_2_20-1.txt,CGAACA,12,2.963189149,10,15,2
p2_2_20-2.txt,ACGGTA,6,0.033012452,7,7,2
p2_2_20-3.txt,AAAG,14,2.281398254,10,15,2
p2_2_20-4.txt,ACACCAAC,12,2.71408523,10,15,2
p2_2_3-0.txt,A,3,2.4223e-5,2,2,2
p2_2_3-1.txt,A,3,6.0593e-5,3,3,2
p2_2_3-2.txt,G,3,5.6242e-5,3,3,2
p2_2_3-3.txt,A,2,0.000121901,3,3,2
p2_2_3-4.txt,AG,3,0.01453319,3,3,2
p2_2_5-0.txt,C,4,0.000259066,4,4,2
p2_2_5-1.txt,CG,2,1.6087e-5,2,2,2
p2_2_5-2.txt,AG,4,0.000973465,5,5,2
p2_2_5-3.txt,ACA,2,8.7401e-5,3,3,2
p2_2_5-4.txt,GTAC,3,0.000174291,4,4,2
p2_2_8-0.txt,GCC,4,0.005895179,6,6,2
p2_2_8-1.txt,A,7,0.000473018,4,4,2
p2_2_8-2.txt,C,6,0.000307706,4,4,2
p2_2_8-3.txt,CTAC,4,0.001240798,5,5,2
p2_2_8-4.txt,A,2,1.0239e-5,1,1,2
p2_4_13-0.txt,AT,12,0.01202067,6,6,4
p2_4_13-1.txt,TCAA,13,0.080284052,7,7,4
p2_4_13-2.txt,A,14,0.861647182,9,9,4
p2_4_13-3.txt,AAGGC,26,5.467453074,10,11,4
p2_4_13-4.txt,AA,15,0.771012912,9,9,4
p2_4_20-0.txt,AGGCTA,19,4.209346477,10,15,4
p2_4_20-1.txt,AAC,25,3.961151557,10,13,4
p2_4_20-2.txt,AAGC,17,3.515248533,10,12,4
p2_4_20-3.txt,ACTGAT,23,5.43755151,10,14,4
p2_4_20-4.txt,ACCCCTGCT,25,5.06254539,10,10,4
p2_4_3-0.txt,A,7,0.000144791,3,3,4
p2_4_3-1.txt,C,7,0.000127003,3,3,4
p2_4_3-2.txt,T,5,2.4305e-5,2,2,4
p2_4_3-3.txt,A,5,1.8843e-5,2,2,4
p2_4_3-4.txt,A,6,1.9234e-5,2,2,4
p2_4_5-0.txt,CG,8,0.000258546,4,4,4
p2_4_5-1.txt,T,4,2.2888e-5,2,2,4
p2_4_5-2.txt,CA,6,0.001588488,5,5,4
p2_4_5-3.txt,A,10,0.001449416,5,5,4
p2_4_5-4.txt,A,11,0.001317852,5,5,4
p2_4_8-0.txt,C,11,0.139402583,8,8,4
p2_4_8-1.txt,GT,9,0.000343889,4,4,4
p2_4_8-2.txt,AG,7,0.001026099,5,5,4
p2_4_8-3.txt,CTA,10,0.032039536,7,7,4
p2_4_8-4.txt,G,8,0.001053251,5,5,4
p2_6_13-0.txt,GGCA,30,6.418226336,10,13,6
p2_6_13-1.txt,CCCGT,31,6.15920788,10,12,6
p2_6_13-2.txt,GCAATCA,33,6.437232426,10,13,6
p2_6_13-3.txt,GACTG,33,6.338315098,10,13,6
p2_6_13-4.txt,ACGCC,26,5.292081006,10,11,6
p2_6_20-0.txt,CGAC,27,6.088306115,10,12,6
p2_6_20-1.txt,TA,14,0.188868092,8,8,6
p2_6_20-2.txt,CAAA,29,6.2435616,10,13,6
p2_6_20-3.txt,AAGGATCA,40,8.66761817,10,19,6
p2_6_20-4.txt,AGCTTA,40,7.155530965,10,20,6
p2_6_3-0.txt,A,11,8.7995e-5,3,3,6
p2_6_3-1.txt,A,7,2.2365e-5,2,2,6
p2_6_3-2.txt,G,6,2.4264e-5,2,2,6
p2_6_3-3.txt,G,8,7.0138e-5,3,3,6
p2_6_3-4.txt,G,9,0.000132396,3,3,6
p2_6_5-0.txt,C,13,0.001441212,4,4,6
p2_6_5-1.txt,A,15,0.000624958,4,4,6
p2_6_5-2.txt,TG,11,0.000342985,4,4,6
p2_6_5-3.txt,A,17,0.002051526,5,5,6
p2_6_5-4.txt,CG,12,0.000434981,4,4,6
p2_6_8-0.txt,GC,15,0.059209108,7,7,6
p2_6_8-1.txt,GCT,17,0.021727061,6,6,6
p2_6_8-2.txt,G,19,0.072753473,7,7,6
p2_6_8-3.txt,CCT,18,0.014990468,6,6,6
p2_6_8-4.txt,C,13,0.001590322,5,5,6
